Ticker,Company Name,Sector,Industry,Exchange,Operating Margin,Operating Margin GR,Net Margin,Net Margin GR,Revenue,Revenue GR,RoE,RoE GR,RoA,RoA GR,RoC,RoC GR,RoIC,RoIC GR,EBITDA/share,EBITDA/share GR,NOPAT/share,NOPAT/share GR,EPS,EPS GR,PS score,PS warnings
IBM,International Business Machines Corporation,Technology,Information Technology Services,NYSE,13.80%,-7.15% (5YGR),12.22%,-3.59% (5YGR),77147.0,-3.24% (5YGR),50.12%,-9.19% (5YGR),6.84%,-9.07% (5YGR),8.28%,-13.27% (5YGR),13.66%,-10.66% (5YGR),19.67,-1.05% (4GR),11.05,-6.57% (5YGR),10.56,-4.40% (5YGR),3.0/9.0,8
AAPL,Apple Inc,Technology,Consumer Electronics,NASDAQ,24.10%,-4.46% (5YGR),20.91%,-1.41% (5YGR),274515.0,3.85% (5YGR),73.69%,10.72% (5YGR),17.33%,-2.38% (5YGR),23.71%,10.93% (5YGR),30.11%,0.31% (5YGR),4.62,8.65% (4GR),3.24,8.37% (5YGR),3.28,8.23% (5YGR),4.0/9.0,4
CMRE,Costamare Inc,Industrials,Marine Shipping,NYSE,41.50%,-2.49% (5YGR),14.17%,-10.59% (5YGR),478.0,-1.47% (5YGR),4.89%,-22.43% (5YGR),2.23%,-13.70% (5YGR),6.45%,-7.51% (5YGR),4.29%,-6.17% (5YGR),2.57,-10.87% (4GR),1.71,-12.82% (5YGR),0.59,-19.75% (5YGR),4.0/9.0,6
TSLA,"Tesla, Inc",Consumer Cyclical,Auto Manufacturers,NASDAQ,0.30%,15.46% (5YGR),-3.51%,10.10% (5YGR),24578.0,53.53% (5YGR),-14.94%,9.84% (5YGR),-2.69%,10.15% (5YGR),0.30%,27.21% (5YGR),-1.66%,12.85% (5YGR),2.46,85.70% (4GR),0.09,18.14% (5YGR),-0.98,-21.70% (5YGR),6.5/9.0,6
AMD,"Advanced Micro Devices, Inc",Technology,Semiconductors,NASDAQ,9.40%,41.44% (5YGR),5.07%,86.05% (5YGR),6731.0,6.02% (5YGR),16.66%,28.82% (5YGR),6.44%,74.24% (5YGR),24.32%,61.95% (5YGR),13.62%,34.72% (5YGR),0.65,45.44% (4GR),0.52,34.97% (5YGR),0.3,7.25% (5YGR),8.0/9.0,0
SE,Sea Limited,Communication Services,Electronic Gaming & Multimedia,NYSE,-41.00%,4.57% (5YGR),-67.24%,-4.92% (5YGR),2175.0,63.86% (5YGR),-318.25%,-20.00% (5YGR),-39.45%,-5.59% (5YGR),-41.92%,5.70% (5YGR),-81.10%,-20.00% (5YGR),-2.74,-283.67% (4GR),-2.04,-99.09% (5YGR),-3.35,-177.06% (5YGR),2.0/9.0,6
XPEL,"XPEL, Inc",Consumer Cyclical,Auto Parts,NASDAQ,13.20%,7.47% (5YGR),10.76%,2.48% (5YGR),130.0,34.65% (5YGR),50.04%,1.83% (5YGR),34.03%,4.49% (5YGR),52.96%,62.09% (5YGR),44.21%,2.41% (5YGR),0.68,47.59% (4GR),0.5,35.96% (5YGR),0.51,36.36% (5YGR),9.0/9.0,0
AMRC,"Ameresco, Inc",Industrials,Engineering & Construction,NYSE,6.00%,29.76% (5YGR),5.13%,35.34% (5YGR),867.0,7.89% (5YGR),11.03%,35.86% (5YGR),3.50%,26.18% (5YGR),5.10%,19.71% (5YGR),6.25%,29.34% (5YGR),1.9,31.21% (4GR),1.08,38.80% (5YGR),0.93,53.89% (5YGR),6.0/9.0,6
NVDA,NVIDIA Corporation,Technology,Semiconductors,NASDAQ,26.10%,11.71% (5YGR),25.61%,17.32% (5YGR),10918.0,20.51% (5YGR),25.95%,17.77% (5YGR),18.27%,21.26% (5YGR),55.25%,-2.61% (5YGR),20.39%,18.85% (5YGR),5.51,34.38% (4GR),4.34,36.01% (5YGR),4.52,38.68% (5YGR),9.0/9.0,0
AMZN,"Amazon.com, Inc",Consumer Cyclical,Internet Retail,NASDAQ,5.20%,81.41% (5YGR),4.13%,70.10% (5YGR),280522.0,26.36% (5YGR),21.95%,53.28% (5YGR),5.97%,61.71% (5YGR),10.44%,17.93% (5YGR),11.72%,58.40% (5YGR),74.14,44.00% (4GR),23.95,126.45% (5YGR),23.01,110.77% (5YGR),8.0/9.0,0
BBBY,Bed Bath & Beyond Inc,Consumer Cyclical,Specialty Retail,NASDAQ,-1.70%,-25.26% (5YGR),-5.50%,-28.92% (5YGR),11159.0,-1.08% (5YGR),-28.38%,-29.43% (5YGR),-8.55%,-28.14% (5YGR),-4.42%,-31.74% (5YGR),-11.18%,-24.98% (5YGR),-2.89,-36.59% (4GR),-1.54,-19.93% (5YGR),-4.94,-27.31% (5YGR),0.0/9.0,14
GOLD,Barrick Gold Corporation,Basic Materials,Gold,NYSE,25.50%,1.13% (5YGR),40.85%,79.55% (5YGR),9717.0,-1.85% (5YGR),27.35%,51.58% (5YGR),11.84%,72.01% (5YGR),6.00%,3.01% (5YGR),20.93%,55.93% (5YGR),5.01,41.51% (4GR),1.02,-12.38% (5YGR),2.26,62.33% (5YGR),5.5/9.0,5
JOE,The St. Joe Company,Real Estate,Real Estate-Diversified,NYSE,24.60%,-7.68% (5YGR),21.07%,-15.91% (5YGR),127.0,-25.09% (5YGR),5.16%,-34.29% (5YGR),3.01%,-38.19% (5YGR),3.34%,165.63% (5YGR),3.10%,-38.73% (5YGR),0.98,41.53% (4GR),0.38,-26.85% (5YGR),0.45,-33.61% (5YGR),0.0/9.0,8
MCD,McDonald's Corporation,Consumer Cyclical,Restaurants,NYSE,42.20%,8.46% (5YGR),28.59%,11.40% (5YGR),21077.0,-5.30% (5YGR),0.00%,60.64% (5YGR),15.00%,3.72% (5YGR),18.14%,-0.82% (5YGR),0.00%,-7.81% (5YGR),14.08,10.97% (4GR),8.74,11.30% (5YGR),7.88,11.17% (5YGR),6.0/9.0,2
MSFT,Microsoft Corporation,Technology,Software-Infrastructure,NASDAQ,37.00%,5.34% (5YGR),30.96%,17.55% (5YGR),143015.0,9.67% (5YGR),40.14%,22.10% (5YGR),15.07%,15.69% (5YGR),25.83%,13.25% (5YGR),25.11%,16.76% (5YGR),8.91,20.70% (4GR),5.75,21.08% (5YGR),5.76,29.21% (5YGR),8.0/9.0,0
PBR,0,Energy,Oil & Gas Integrated,NYSE,24.20%,21.53% (5YGR),13.25%,56.13% (5YGR),76589.0,-10.16% (5YGR),14.01%,41.50% (5YGR),4.49%,39.69% (5YGR),5.71%,10.14% (5YGR),9.16%,91.75% (5YGR),5.14,46.55% (4GR),1.84,-4.11% (5YGR),1.56,34.75% (5YGR),7.0/9.0,1
XOM,Exxon Mobil Corporation,Energy,Oil & Gas Integrated,NYSE,5.00%,-3.39% (5YGR),5.61%,-4.48% (5YGR),255583.0,-6.74% (5YGR),7.48%,-12.76% (5YGR),4.05%,-11.20% (5YGR),2.78%,65.46% (5YGR),6.36%,-13.21% (5YGR),9.34,1.77% (4GR),2.2,-8.47% (5YGR),3.36,-10.94% (5YGR),6.0/9.0,5
RS,Reliance Steel & Aluminum Co,Basic Materials,Steel,NYSE,9.10%,9.38% (5YGR),6.39%,13.95% (5YGR),10973.0,1.93% (5YGR),14.20%,11.07% (5YGR),8.67%,14.52% (5YGR),10.13%,18.79% (5YGR),11.85%,11.43% (5YGR),19.24,16.12% (4GR),11.18,17.54% (5YGR),10.34,19.25% (5YGR),8.0/9.0,0
SNAP,Snap Inc,Communication Services,Internet Content & Information,NYSE,-64.30%,17.42% (4YGR),-60.25%,17.49% (4YGR),1716.0,125.32% (4YGR),-45.23%,1.78% (4YGR),-30.74%,5.22% (4YGR),-74.91%,7.60% (4YGR),-29.66%,8.46% (4YGR),-0.67,-38.96% (4GR),-0.8,-28.39% (4YGR),-0.75,-25.68% (4YGR),6.0/9.0,2
DHT,"DHT Holdings, Inc",Energy,Oil & Gas Midstream,NYSE,26.00%,18.71% (5YGR),13.77%,-3.19% (5YGR),535.0,24.45% (5YGR),8.21%,9.27% (5YGR),3.99%,7.70% (5YGR),7.91%,-11.44% (5YGR),7.08%,12.23% (5YGR),1.46,-8.95% (4GR),0.83,25.26% (5YGR),0.51,7.04% (5YGR),8.0/9.0,2
PG,The Procter & Gamble Company,Consumer Defensive,Household & Personal Products,NYSE,22.10%,3.37% (5YGR),17.99%,7.33% (5YGR),70950.0,-1.04% (5YGR),27.78%,13.58% (5YGR),10.83%,9.42% (5YGR),12.03%,7.03% (5YGR),16.55%,10.26% (5YGR),7.35,2.25% (4GR),4.95,5.53% (5YGR),4.96,8.03% (5YGR),7.0/9.0,1
EMN,Eastman Chemical Company,Basic Materials,Chemicals,NYSE,14.10%,1.09% (5YGR),8.19%,2.12% (5YGR),9273.0,-0.16% (5YGR),12.91%,-7.89% (5YGR),4.74%,-0.48% (5YGR),7.57%,-3.26% (5YGR),7.95%,-1.47% (5YGR),12.47,-0.28% (4GR),7.96,5.12% (5YGR),5.48,3.71% (5YGR),4.0/9.0,4
KSS,Kohl's Corporation,Consumer Cyclical,Department Stores,NYSE,6.10%,-6.72% (5YGR),3.46%,-3.53% (5YGR),19974.0,1.10% (5YGR),12.59%,-0.81% (5YGR),5.11%,-1.04% (5YGR),8.88%,2.01% (5YGR),8.25%,-1.85% (5YGR),12.82,2.45% (4GR),5.88,3.47% (5YGR),4.37,2.73% (5YGR),2.0/9.0,6
BHP,BHP Group,Basic Materials,Other Industrial Metals & Mining,NYSE,34.40%,11.31% (5YGR),18.53%,35.40% (5YGR),42931.0,1.08% (5YGR),16.72%,47.68% (5YGR),7.74%,44.40% (5YGR),11.03%,17.98% (5YGR),11.29%,41.06% (5YGR),8.09,22.33% (4GR),3.76,14.44% (5YGR),3.14,37.14% (5YGR),10.0/9.0,0
TSN,"Tyson Foods, Inc",Consumer Defensive,Farm Products,NYSE,7.20%,5.10% (5YGR),4.96%,10.06% (5YGR),43185.0,1.41% (5YGR),14.49%,1.41% (5YGR),6.31%,3.18% (5YGR),7.97%,-4.64% (5YGR),9.50%,1.85% (5YGR),12.18,7.28% (4GR),6.62,14.41% (5YGR),5.86,14.32% (5YGR),8.0/9.0,0
HPQ,HP Inc,Technology,Computer Hardware,NYSE,5.10%,-8.19% (5YGR),5.36%,6.23% (5YGR),58756.0,-12.46% (5YGR),0.00%,-6.94% (5YGR),9.26%,19.79% (5YGR),13.42%,26.36% (5YGR),0.00%,-13.53% (5YGR),2.3,-13.03% (4GR),1.97,-11.78% (5YGR),2.07,-2.76% (5YGR),2.0/9.0,6
FB,"Facebook, Inc",Communication Services,Internet Content & Information,NASDAQ,33.90%,-1.63% (5YGR),26.15%,4.93% (5YGR),70697.0,42.15% (5YGR),19.96%,15.96% (5YGR),16.02%,13.82% (5YGR),28.15%,-2.53% (5YGR),17.31%,13.34% (5YGR),10.63,39.09% (4GR),6.21,45.45% (5YGR),6.43,47.00% (5YGR),7.0/9.0,1
COP,ConocoPhillips,Energy,Oil & Gas E&P,NYSE,23.30%,14.98% (5YGR),22.07%,20.46% (5YGR),32567.0,-6.74% (5YGR),21.49%,18.88% (5YGR),10.23%,21.96% (5YGR),10.35%,62.09% (5YGR),15.82%,18.82% (5YGR),14.58,62.59% (4GR),5.16,9.23% (5YGR),6.4,5.41% (5YGR),7.0/9.0,1
CRS,Carpenter Technology Corporation,Industrials,Metal Fabrication,NYSE,5.90%,3.11% (5YGR),0.05%,-41.26% (5YGR),2181.0,1.09% (5YGR),0.07%,-42.15% (5YGR),0.03%,-42.59% (5YGR),1.09%,-27.26% (5YGR),0.73%,-16.64% (5YGR),3.12,-0.19% (4GR),0.66,-8.12% (5YGR),0.02,-40.67% (5YGR),3.0/9.0,5
BEN,"Franklin Resources, Inc",Financial Services,Asset Management,NYSE,18.80%,-12.53% (5YGR),14.08%,-11.57% (5YGR),5567.0,-6.48% (5YGR),7.83%,-14.28% (5YGR),4.51%,-17.71% (5YGR),7.03%,-26.44% (5YGR),6.20%,-15.03% (5YGR),2.4,-14.66% (4GR),1.65,-13.61% (5YGR),1.59,-13.52% (5YGR),0.0/9.0,7
EGOV,NIC Inc,Technology,Software-Application,NASDAQ,17.60%,-4.91% (5YGR),14.08%,0.33% (5YGR),354.0,5.45% (5YGR),21.80%,-10.86% (5YGR),14.83%,-6.94% (5YGR),101.37%,-10.21% (5YGR),19.97%,-12.19% (5YGR),1.12,-0.77% (4GR),0.72,4.37% (5YGR),0.75,5.52% (5YGR),5.0/9.0,4
HRB,"H&R Block, Inc",Consumer Cyclical,Personal Services,NYSE,6.90%,-20.33% (5YGR),-0.29%,-9.08% (5YGR),2640.0,-2.47% (5YGR),-2.46%,27.88% (5YGR),-0.18%,-3.69% (5YGR),7.99%,-33.96% (5YGR),1.50%,-40.58% (5YGR),1.32,-18.58% (4GR),0.92,-9.50% (5YGR),-0.04,-4.85% (5YGR),1.0/9.0,7
RTX,Raytheon Technologies Corporation,Industrials,Aerospace & Defense,NYSE,11.60%,-4.32% (5YGR),7.19%,-7.10% (5YGR),77046.0,3.75% (5YGR),13.80%,-8.18% (5YGR),4.04%,-11.23% (5YGR),5.78%,-14.80% (5YGR),7.79%,-11.65% (5YGR),15.99,10.86% (4GR),7.5,-0.09% (5YGR),6.41,-2.34% (5YGR),1.0/9.0,7
INVA,"Innoviva, Inc",Healthcare,Biotechnology,NASDAQ,94.40%,14.37% (5YGR),60.26%,19.87% (5YGR),261.0,95.85% (5YGR),67.35%,16.56% (5YGR),24.71%,25.40% (5YGR),50.69%,-0.86% (5YGR),27.39%,25.62% (5YGR),2.35,53.91% (4GR),1.79,54.63% (5YGR),1.43,37.30% (5YGR),10.0/9.0,1
JNJ,Johnson & Johnson,Healthcare,Drug Manufacturers-General,NYSE,24.50%,-2.83% (5YGR),18.42%,-7.08% (5YGR),82059.0,2.47% (5YGR),25.36%,-0.91% (5YGR),9.73%,-8.17% (5YGR),15.25%,2.45% (5YGR),17.01%,-4.77% (5YGR),9.19,2.61% (4GR),6.53,-0.75% (5YGR),5.63,-3.61% (5YGR),6.0/9.0,2
TMO,Thermo Fisher Scientific Inc,Healthcare,Diagnostics & Research,NYSE,16.40%,7.02% (5YGR),14.47%,4.56% (5YGR),25542.0,9.24% (5YGR),12.91%,4.98% (5YGR),6.45%,4.54% (5YGR),7.49%,4.52% (5YGR),8.74%,3.71% (5YGR),17.43,15.22% (4GR),9.42,16.13% (5YGR),9.17,14.12% (5YGR),7.5/9.0,2
NFLX,"Netflix, Inc",Communication Services,Entertainment,NASDAQ,12.90%,15.07% (5YGR),9.26%,20.44% (5YGR),20156.0,30.05% (5YGR),29.12%,19.04% (5YGR),6.23%,14.37% (5YGR),8.59%,46.00% (5YGR),12.44%,2.04% (5YGR),26.57,31.51% (4GR),5.22,54.18% (5YGR),4.13,55.09% (5YGR),8.0/9.0,0
KODK,Eastman Kodak Company,Industrials,Specialty Business Services,NYSE,-5.30%,-9.99% (5YGR),7.73%,120.97% (5YGR),1242.0,-9.82% (5YGR),200.00%,-0.97% (5YGR),6.56%,128.34% (5YGR),-5.80%,-78.29% (5YGR),32.24%,163.03% (5YGR),0.26,-49.72% (4GR),-1.53,-11.92% (5YGR),2.23,102.34% (5YGR),3.5/9.0,9
PVG,Pretium Resources Inc,Basic Materials,Gold,NYSE,27.30%,20.09% (5YGR),8.44%,12.36% (5YGR),485.0,42.53% (5YGR),4.41%,20.95% (5YGR),2.57%,22.43% (5YGR),4.09%,56.15% (5YGR),4.45%,146.37% (5YGR),1.08,196.59% (4GR),0.35,145.41% (5YGR),0.22,22.38% (5YGR),9.5/9.0,1
APT,"Alpha Pro Tech, Ltd",Industrials,Building Products & Equipment,NYSE MKT,6.50%,3.02% (5YGR),6.43%,7.27% (5YGR),47.0,-0.24% (5YGR),9.17%,9.99% (5YGR),8.29%,9.88% (5YGR),9.06%,-5.82% (5YGR),8.20%,8.03% (5YGR),0.31,27.00% (4GR),0.19,18.41% (5YGR),0.23,14.64% (5YGR),6.0/9.0,5
GM,General Motors Company,Consumer Cyclical,Auto Manufacturers,NYSE,4.00%,24.85% (5YGR),4.80%,20.66% (5YGR),137237.0,-2.50% (5YGR),16.32%,15.83% (5YGR),2.89%,10.10% (5YGR),2.58%,-1.74% (5YGR),4.76%,1.82% (5YGR),15.52,11.21% (4GR),3.42,19.74% (5YGR),4.57,22.19% (5YGR),4.0/9.0,7
UBER,"Uber Technologies, Inc",Technology,Software-Application,NYSE,-60.80%,7.04% (3YGR),-60.13%,-175.02% (3YGR),14147.0,53.74% (3YGR),-69.37%,-33.33% (3YGR),-30.52%,-33.33% (3YGR),-46.22%,-33.33% (3YGR),-44.68%,-33.33% (3YGR),-5.93,nan% (4GR),-6.89,-82.56% (3YGR),-6.81,-874.67% (3YGR),2.0/9.0,10
NTR,Nutrien Ltd,Basic Materials,Agricultural Inputs,NYSE,10.70%,-19.80% (5YGR),4.95%,-22.62% (5YGR),20023.0,25.45% (5YGR),4.20%,-19.58% (5YGR),2.15%,-19.43% (5YGR),3.95%,24.14% (5YGR),4.18%,-15.50% (5YGR),6.29,-3.54% (4GR),2.78,-8.48% (5YGR),1.7,-13.92% (5YGR),3.5/9.0,9
CF,"CF Industries Holdings, Inc",Basic Materials,Agricultural Inputs,NYSE,20.30%,-12.07% (5YGR),10.74%,-21.74% (5YGR),4590.0,-0.28% (5YGR),16.84%,-13.67% (5YGR),3.97%,-24.30% (5YGR),6.80%,18.14% (5YGR),8.92%,-14.36% (5YGR),8.47,9.96% (4GR),3.54,-5.06% (5YGR),2.23,-19.76% (5YGR),4.5/9.0,7
ADM,Archer-Daniels-Midland Company,Consumer Defensive,Farm Products,NYSE,2.60%,-4.88% (5YGR),2.13%,-3.94% (5YGR),64656.0,-4.07% (5YGR),7.22%,-7.20% (5YGR),3.25%,-7.11% (5YGR),3.99%,5.76% (5YGR),5.61%,-8.39% (5YGR),5.28,-0.54% (4GR),2.54,-2.38% (5YGR),2.44,-5.04% (5YGR),1.0/9.0,12
EVGN,Evogene Ltd,Healthcare,Biotechnology,NASDAQ,0.00%,9.05% (8YGR),0.00%,-12.50% (8YGR),1.0,-29.47% (8YGR),-36.15%,-12.50% (8YGR),-27.85%,-12.50% (8YGR),-135.48%,7.95% (8YGR),-34.72%,-12.50% (8YGR),-0.62,-0.65% (4GR),-0.81,-51.44% (8YGR),-0.7,-304.17% (8YGR),3.0/9.0,8
ALCO,"Alico, Inc",Consumer Defensive,Farm Products,NASDAQ,7.50%,-5.36% (5YGR),25.58%,32.17% (5YGR),93.0,-9.44% (5YGR),11.52%,12.19% (5YGR),5.62%,13.49% (5YGR),1.34%,6.77% (5YGR),7.77%,7.83% (5YGR),7.43,22.69% (4GR),0.76,-6.30% (5YGR),3.16,25.22% (5YGR),4.0/9.0,8
MOS,The Mosaic Company,Basic Materials,Agricultural Inputs,NYSE,4.10%,-21.49% (5YGR),-11.98%,-35.37% (5YGR),8906.0,0.09% (5YGR),-10.90%,-35.43% (5YGR),-5.42%,-35.03% (5YGR),2.08%,-0.70% (5YGR),-6.34%,-30.88% (5YGR),-0.41,-16.56% (4GR),0.96,-23.20% (5YGR),-2.78,-35.30% (5YGR),0.5/9.0,13
RFP,Resolute Forest Products Inc,Basic Materials,Paper & Paper Products,NYSE,1.10%,-3.65% (5YGR),-1.61%,11.88% (5YGR),2923.0,-6.13% (5YGR),-3.40%,11.16% (5YGR),-1.24%,12.09% (5YGR),-4.22%,-14.28% (5YGR),-1.23%,12.96% (5YGR),2.3,76.71% (4GR),-1.55,-3.08% (5YGR),-0.51,12.80% (5YGR),4.5/9.0,9
IPI,"Intrepid Potash, Inc",Basic Materials,Agricultural Inputs,NYSE,7.40%,21.33% (5YGR),6.19%,41.17% (5YGR),220.0,-11.72% (5YGR),3.20%,50.31% (5YGR),2.47%,48.44% (5YGR),3.17%,17.68% (5YGR),3.22%,34.89% (5YGR),3.92,48.85% (4GR),1.23,-15.96% (5YGR),1.0,-8.70% (5YGR),5.0/9.0,8
ICL,ICL Group Ltd,Basic Materials,Agricultural Inputs,NYSE,14.10%,-0.92% (5YGR),9.01%,8.15% (5YGR),5271.0,-2.37% (5YGR),12.33%,1.51% (5YGR),5.29%,3.16% (5YGR),7.33%,7.54% (5YGR),8.68%,3.48% (5YGR),1.0,11.57% (4GR),0.44,-2.61% (5YGR),0.37,5.21% (5YGR),5.0/9.0,6
AGFS,"AgroFresh Solutions, Inc",Consumer Defensive,Farm Products,NASDAQ,-17.40%,-48.09% (5YGR),-35.77%,-39.31% (5YGR),170.0,1.92% (5YGR),-17.61%,-20.00% (5YGR),-7.14%,-20.00% (5YGR),-3.81%,-42.65% (5YGR),-4.57%,-20.00% (5YGR),0.78,-16.68% (4GR),-0.6,-52.59% (5YGR),-1.21,-46.38% (5YGR),2.0/9.0,11
WLKP,Westlake Chemical Partners LP,Basic Materials,Chemicals,NYSE,32.10%,5.77% (8YGR),5.59%,-11.22% (8YGR),1092.0,-9.33% (8YGR),24.72%,-2.69% (8YGR),4.27%,-8.21% (8YGR),25.61%,-4.38% (8YGR),11.76%,-5.05% (8YGR),13.56,-7.96% (4GR),10.27,-1.81% (8YGR),1.77,-22.42% (8YGR),5.5/9.0,4
FUBO,fuboTV Inc,Communication Services,Entertainment,NYSE,-709.10%,-12.50% (8YGR),0.00%,0.00% (8YGR),4.0,56.25% (8YGR),-70.30%,6.57% (8YGR),-39.91%,5.58% (8YGR),-9.05%,3.07% (8YGR),-52.23%,7.25% (8YGR),-0.91,0.00% (4GR),-1.36,nan% (8YGR),-1.57,9.05% (8YGR),3.0/9.0,10
BNGO,"Bionano Genomics, Inc",Healthcare,Diagnostics & Research,NASDAQ,-255.40%,5.68% (3YGR),-294.34%,-2.07% (3YGR),10.0,12.98% (3YGR),-433.64%,-33.33% (3YGR),-108.40%,4.75% (3YGR),-173.33%,17.65% (3YGR),-104.40%,-33.33% (3YGR),-1.73,nan% (4GR),-1.73,16.65% (3YGR),-1.99,13.15% (3YGR),3.0/9.0,11
SXC,"SunCoke Energy, Inc",Basic Materials,Coking Coal,NYSE,6.40%,-3.80% (5YGR),-9.52%,10.75% (5YGR),1600.0,1.82% (5YGR),-31.91%,2.63% (5YGR),-8.02%,15.53% (5YGR),6.41%,7.68% (5YGR),-8.40%,41.93% (5YGR),0.01,-69.90% (4GR),1.36,-0.98% (5YGR),-1.98,16.57% (5YGR),4.0/9.0,7
HP,"Helmerich & Payne, Inc",Energy,Oil & Gas Drilling,NYSE,-4.90%,-33.54% (5YGR),-28.03%,-8.67% (5YGR),1774.0,-6.79% (5YGR),-13.56%,-10.59% (5YGR),-9.32%,-13.00% (5YGR),-1.89%,283.77% (5YGR),-11.59%,-11.39% (5YGR),-1.2,-13.94% (4GR),-0.81,-28.09% (5YGR),-4.6,-15.19% (5YGR),2.0/9.0,12
RIG,Transocean Ltd,Energy,Oil & Gas Drilling,NYSE,-3.20%,-26.30% (5YGR),-40.64%,14.08% (5YGR),3088.0,-20.53% (5YGR),-10.05%,-2.88% (5YGR),-5.04%,2.01% (5YGR),-0.45%,-44.71% (5YGR),-3.59%,3.01% (5YGR),0.82,-52.72% (4GR),-0.16,-35.74% (5YGR),-2.05,-1.03% (5YGR),1.5/9.0,11
LNG,"Cheniere Energy, Inc",Energy,Oil & Gas Midstream,NYSE MKT,24.50%,50.06% (5YGR),6.66%,14.06% (5YGR),9730.0,118.99% (5YGR),0.00%,0.00% (5YGR),1.92%,20.66% (5YGR),7.71%,215.65% (5YGR),0.00%,14.87% (5YGR),11.35,40.42% (4GR),9.24,144.07% (5YGR),2.51,28.46% (5YGR),9.5/9.0,1
INT,World Fuel Services Corporation,Energy,Oil & Gas Refining & Marketing,NYSE,0.90%,6.37% (5YGR),0.49%,-3.97% (5YGR),36819.0,-1.32% (5YGR),9.66%,-6.61% (5YGR),3.07%,-10.30% (5YGR),8.83%,8.70% (5YGR),9.34%,-2.81% (5YGR),6.04,8.36% (4GR),3.63,3.09% (5YGR),2.69,-4.39% (5YGR),5.0/9.0,7
MMP,"Magellan Midstream Partners, L.P",Energy,Oil & Gas Midstream,NYSE,37.90%,-2.12% (5YGR),37.42%,1.39% (5YGR),2728.0,4.27% (5YGR),38.10%,-2.53% (5YGR),12.61%,-3.36% (5YGR),13.27%,-0.19% (5YGR),16.81%,-3.25% (5YGR),6.42,8.32% (4GR),4.51,2.03% (5YGR),4.46,5.61% (5YGR),6.0/9.0,3
GNE,Genie Energy Ltd,Utilities,Utilities-Regulated Electric,NYSE,3.20%,22.21% (5YGR),0.85%,-36.50% (5YGR),315.0,3.96% (5YGR),3.39%,-35.95% (5YGR),1.78%,-36.31% (5YGR),3.47%,-26.10% (5YGR),3.30%,-35.84% (5YGR),0.37,9.68% (4GR),0.09,-0.91% (5YGR),0.1,-36.11% (5YGR),5.0/9.0,8
KMI,"Kinder Morgan, Inc",Energy,Oil & Gas Midstream,NYSE,29.70%,-0.35% (5YGR),16.49%,21.95% (5YGR),13209.0,-3.47% (5YGR),6.46%,10.78% (5YGR),2.85%,18.92% (5YGR),3.64%,32.33% (5YGR),4.96%,7.45% (5YGR),3.26,8.70% (4GR),1.23,-14.04% (5YGR),0.96,4.96% (5YGR),6.0/9.0,3
COG,Cabot Oil & Gas Corporation,Energy,Oil & Gas E&P,NYSE,42.40%,23.35% (5YGR),32.96%,76.94% (5YGR),2066.0,1.84% (5YGR),32.13%,79.07% (5YGR),15.68%,86.39% (5YGR),16.27%,65.26% (5YGR),21.22%,64.34% (5YGR),3.26,54.41% (4GR),1.59,16.51% (5YGR),1.63,77.06% (5YGR),10.5/9.0,0
SBR,Sabine Royalty Trust,Energy,Oil & Gas E&P,NYSE,93.90%,-0.36% (5YGR),93.91%,-0.36% (5YGR),47.0,-3.67% (5YGR),778.43%,10.71% (5YGR),537.81%,-7.35% (5YGR),550.00%,3.77% (5YGR),778.43%,10.71% (5YGR),2.93,2.15% (4GR),2.93,-4.20% (5YGR),3.02,-4.16% (5YGR),4.0/9.0,7
CVI,"CVR Energy, Inc",Energy,Oil & Gas Refining & Marketing,NYSE,9.10%,23.16% (5YGR),5.97%,26.55% (5YGR),6364.0,-4.53% (5YGR),28.80%,16.54% (5YGR),9.73%,18.20% (5YGR),15.09%,73.75% (5YGR),18.14%,11.65% (5YGR),8.71,11.14% (4GR),4.2,13.55% (5YGR),3.78,17.25% (5YGR),9.0/9.0,2
DRQ,"Dril-Quip, Inc",Energy,Oil & Gas Equipment & Services,NYSE,1.40%,-53.61% (5YGR),0.41%,-62.89% (5YGR),415.0,-16.01% (5YGR),0.16%,-68.81% (5YGR),0.14%,-68.77% (5YGR),0.14%,-87.07% (5YGR),-0.35%,-28.41% (5YGR),1.25,-46.84% (4GR),0.03,-72.84% (5YGR),0.05,-68.66% (5YGR),2.5/9.0,9
RES,"RPC, Inc",Energy,Oil & Gas Equipment & Services,NYSE,-2.90%,-20.58% (5YGR),-7.15%,-17.78% (5YGR),1222.0,-8.22% (5YGR),-9.82%,-20.00% (5YGR),-7.76%,-16.29% (5YGR),-3.89%,10.36% (5YGR),-9.54%,-17.79% (5YGR),0.28,-18.39% (4GR),-0.17,-21.38% (5YGR),-0.41,-21.19% (5YGR),1.5/9.0,12
DWSN,Dawson Geophysical Company,Energy,Oil & Gas Equipment & Services,NASDAQ,-11.10%,-20.00% (5YGR),-10.44%,-20.00% (5YGR),146.0,6.13% (5YGR),-13.82%,-20.00% (5YGR),-10.93%,-20.00% (5YGR),-16.24%,14.15% (5YGR),-12.55%,-20.00% (5YGR),0.3,-0.23% (4GR),-0.7,-20.00% (5YGR),-0.66,-20.00% (5YGR),5.0/9.0,7
GHM,Graham Corporation,Industrials,Specialty Industrial Machinery,NYSE,0.70%,-44.47% (5YGR),2.07%,-34.42% (5YGR),91.0,-6.67% (5YGR),1.91%,-38.61% (5YGR),1.23%,-40.88% (5YGR),1.34%,-39.49% (5YGR),0.83%,-49.83% (5YGR),0.4,-29.42% (4GR),0.08,-40.95% (5YGR),0.19,-39.95% (5YGR),0.0/9.0,14
NOV,NOV Inc,Energy,Oil & Gas Equipment & Services,NYSE,-5.40%,-44.11% (5YGR),-71.88%,-143.19% (5YGR),8479.0,-16.71% (5YGR),-56.44%,-116.81% (5YGR),-37.00%,-121.09% (5YGR),-3.34%,15.44% (5YGR),-44.45%,-102.17% (5YGR),-15.26,-255.43% (4GR),-1.2,-34.34% (5YGR),-15.96,-74.85% (5YGR),0.0/9.0,14
APOG,"Apogee Enterprises, Inc",Industrials,Building Products & Equipment,NASDAQ,6.30%,-4.60% (5YGR),4.46%,-6.47% (5YGR),1387.0,8.94% (5YGR),12.22%,-4.72% (5YGR),5.64%,-10.64% (5YGR),7.41%,-23.61% (5YGR),8.81%,-9.96% (5YGR),5.0,1.29% (4GR),2.53,6.01% (5YGR),2.32,3.80% (5YGR),4.5/9.0,6
LPX,Louisiana-Pacific Corporation,Industrials,Building Products & Equipment,NYSE,3.30%,-1.51% (5YGR),-0.22%,29.20% (5YGR),2310.0,5.20% (5YGR),-0.37%,23.50% (5YGR),-0.23%,31.72% (5YGR),5.23%,-23.80% (5YGR),0.05%,-32.59% (5YGR),0.95,39.04% (4GR),0.62,3.76% (5YGR),-0.04,38.40% (5YGR),5.5/9.0,7
FLR,Fluor Corporation,Industrials,Engineering & Construction,NYSE,-4.10%,-27.59% (5YGR),-10.61%,-64.87% (5YGR),14348.0,-6.45% (5YGR),-68.40%,-66.23% (5YGR),-18.03%,-51.21% (5YGR),-13.24%,-53.97% (5YGR),-38.51%,-52.62% (5YGR),-7.37,-38.92% (4GR),-4.19,-28.62% (5YGR),-10.87,-56.40% (5YGR),0.0/9.0,14
SUM,"Summit Materials, Inc",Basic Materials,Building Materials,NYSE,9.60%,19.16% (8YGR),2.66%,32.20% (8YGR),2222.0,14.42% (8YGR),4.29%,16.01% (8YGR),1.49%,23.91% (8YGR),4.73%,-17.16% (8YGR),4.62%,30.37% (8YGR),3.7,13.11% (4GR),1.48,4.36% (8YGR),0.52,5.42% (8YGR),5.0/9.0,7
GFF,Griffon Corporation,Industrials,Tools & Accessories,NYSE,6.40%,4.83% (5YGR),2.22%,8.00% (5YGR),2408.0,4.02% (5YGR),9.07%,7.82% (5YGR),2.36%,6.82% (5YGR),5.55%,7.28% (5YGR),5.49%,3.64% (5YGR),4.71,14.61% (4GR),2.22,10.78% (5YGR),1.19,13.34% (5YGR),6.5/9.0,5
HIL,"Hill International, Inc",Industrials,Engineering & Construction,NYSE,4.20%,-3.12% (5YGR),3.74%,65.31% (5YGR),376.0,-10.81% (5YGR),13.86%,47.23% (5YGR),5.27%,59.46% (5YGR),9.33%,77.99% (5YGR),12.24%,47.00% (5YGR),0.48,72.36% (4GR),0.29,-24.78% (5YGR),0.25,-14.26% (5YGR),4.5/9.0,7
PLPC,Preformed Line Products Company,Industrials,Electrical Equipment & Parts,NASDAQ,7.90%,4.35% (5YGR),5.24%,13.54% (5YGR),445.0,3.30% (5YGR),9.00%,16.03% (5YGR),5.88%,14.02% (5YGR),8.33%,15.38% (5YGR),7.74%,14.74% (5YGR),9.4,18.10% (4GR),5.19,12.96% (5YGR),4.58,18.68% (5YGR),7.0/9.0,3
EML,The Eastern Company,Industrials,Tools & Accessories,NASDAQ,8.00%,0.25% (5YGR),5.27%,0.19% (5YGR),252.0,13.39% (5YGR),13.11%,7.86% (5YGR),5.74%,-0.74% (5YGR),8.48%,5.19% (5YGR),8.65%,0.17% (5YGR),4.17,20.76% (4GR),2.73,17.25% (5YGR),2.12,13.49% (5YGR),6.0/9.0,6
ULBI,Ultralife Corporation,Industrials,Specialty Industrial Machinery,NASDAQ,6.90%,26.30% (5YGR),4.87%,28.08% (5YGR),107.0,9.34% (5YGR),4.86%,25.71% (5YGR),3.93%,25.79% (5YGR),5.36%,-4.72% (5YGR),4.53%,23.53% (5YGR),0.62,13.23% (4GR),0.34,36.18% (5YGR),0.32,36.62% (5YGR),6.0/9.0,6
FCEL,"FuelCell Energy, Inc",Industrials,Electrical Equipment & Parts,NASDAQ,-55.30%,-42.49% (5YGR),-130.43%,-110.63% (5YGR),71.0,-15.47% (5YGR),-68.40%,-21.03% (5YGR),-21.57%,-31.42% (5YGR),-12.11%,9.77% (5YGR),-28.76%,-1.58% (5YGR),-0.24,18.74% (4GR),-0.18,14.73% (5YGR),-0.42,14.57% (5YGR),3.0/9.0,11
EBF,"Ennis, Inc",Industrials,Business Equipment & Supplies,NYSE,11.60%,4.21% (5YGR),8.73%,34.42% (5YGR),438.0,-6.07% (5YGR),13.13%,30.81% (5YGR),10.51%,33.99% (5YGR),14.14%,14.74% (5YGR),12.13%,32.42% (5YGR),2.69,3.61% (4GR),1.47,-6.11% (5YGR),1.47,30.13% (5YGR),7.0/9.0,4
DCI,"Donaldson Company, Inc",Industrials,Specialty Industrial Machinery,NYSE,13.20%,1.80% (5YGR),9.95%,1.98% (5YGR),2582.0,2.77% (5YGR),27.42%,3.24% (5YGR),11.72%,1.38% (5YGR),15.66%,-0.56% (5YGR),16.83%,1.81% (5YGR),3.44,7.22% (4GR),2.04,6.69% (5YGR),2.0,6.47% (5YGR),7.0/9.0,3
RAVN,"Raven Industries, Inc",Industrials,Specialty Industrial Machinery,NASDAQ,10.40%,1.54% (5YGR),9.20%,8.48% (5YGR),383.0,2.68% (5YGR),11.29%,9.27% (5YGR),9.22%,8.74% (5YGR),11.14%,8.68% (5YGR),11.10%,8.96% (5YGR),1.56,13.05% (4GR),0.96,8.06% (5YGR),0.97,14.92% (5YGR),8.0/9.0,2
AZZ,AZZ Inc,Industrials,Electrical Equipment & Parts,NYSE,9.20%,-8.65% (5YGR),4.54%,-11.13% (5YGR),1062.0,4.63% (5YGR),7.79%,-14.84% (5YGR),4.46%,-9.53% (5YGR),7.79%,-0.84% (5YGR),6.57%,-9.06% (5YGR),4.96,-6.13% (4GR),2.8,-3.00% (5YGR),1.84,-7.43% (5YGR),3.5/9.0,8
LXFR,Luxfer Holdings PLC,Industrials,Specialty Industrial Machinery,NYSE,10.60%,4.15% (5YGR),0.70%,-30.16% (5YGR),444.0,-1.35% (5YGR),1.73%,-30.78% (5YGR),0.79%,-29.61% (5YGR),3.87%,-19.10% (5YGR),2.52%,-22.16% (5YGR),1.04,-12.27% (4GR),0.44,-14.00% (5YGR),0.11,-30.68% (5YGR),1.5/9.0,12
POWL,"Powell Industries, Inc",Industrials,Electrical Equipment & Parts,NASDAQ,3.90%,-1.75% (5YGR),3.21%,20.24% (5YGR),518.0,-4.31% (5YGR),5.50%,17.67% (5YGR),3.55%,14.98% (5YGR),6.07%,78.92% (5YGR),5.23%,15.91% (5YGR),2.58,6.14% (4GR),1.37,8.32% (5YGR),1.42,13.10% (5YGR),3.0/9.0,8
AAL,American Airlines Group Inc,Industrials,Airlines,NASDAQ,8.10%,-9.94% (5YGR),3.68%,-16.76% (5YGR),45768.0,1.65% (5YGR),0.00%,-13.14% (5YGR),2.80%,-20.82% (5YGR),4.28%,-17.73% (5YGR),0.00%,-20.48% (5YGR),12.77,4.16% (4GR),6.21,-2.85% (5YGR),3.79,-6.58% (5YGR),3.5/9.0,8
HL,Hecla Mining Company,Basic Materials,Gold,NYSE,-5.90%,15.85% (5YGR),-14.87%,51.68% (5YGR),673.0,6.13% (5YGR),-5.92%,86.30% (5YGR),-3.75%,86.10% (5YGR),-1.59%,-27.17% (5YGR),-2.73%,-55.68% (5YGR),0.26,-4.56% (4GR),-0.08,17.17% (5YGR),-0.2,60.00% (5YGR),5.0/9.0,7
TRQ,Turquoise Hill Resources Ltd,Basic Materials,Copper,NYSE,14.90%,26.08% (5YGR),-12.90%,-37.60% (5YGR),1166.0,-7.35% (5YGR),-1.63%,-20.23% (5YGR),-1.15%,-21.08% (5YGR),1.57%,109.27% (5YGR),-1.67%,-34.06% (5YGR),-0.61,-15.90% (4GR),0.86,47.53% (5YGR),-0.7,-44.06% (5YGR),4.5/9.0,6
UUUU,Energy Fuels Inc,Energy,Uranium,NYSE MKT,-447.20%,-576.27% (5YGR),-647.54%,-117.35% (5YGR),6.0,-31.94% (5YGR),-28.34%,4.39% (5YGR),-20.39%,4.97% (5YGR),-17.33%,2.40% (5YGR),-23.18%,4.89% (5YGR),-0.36,16.39% (4GR),-0.27,4.16% (5YGR),-0.4,13.81% (5YGR),3.0/9.0,10
NEM,Newmont Corporation,Basic Materials,Gold,NYSE,15.80%,7.12% (5YGR),28.80%,46.86% (5YGR),9740.0,4.94% (5YGR),17.57%,40.79% (5YGR),9.24%,51.22% (5YGR),4.50%,-5.39% (5YGR),13.89%,26.43% (5YGR),8.08,25.74% (4GR),1.62,8.44% (5YGR),3.81,42.34% (5YGR),8.0/9.0,1
EGO,Eldorado Gold Corporation,Basic Materials,Gold,NYSE,8.60%,-25.20% (5YGR),13.04%,20.99% (5YGR),618.0,-11.50% (5YGR),2.41%,13.59% (5YGR),1.74%,14.36% (5YGR),0.81%,195.54% (5YGR),2.71%,18.97% (5YGR),1.93,29.04% (4GR),0.21,-36.69% (5YGR),0.5,-17.54% (5YGR),6.5/9.0,4
KL,Kirkland Lake Gold Ltd,Basic Materials,Gold,NYSE,58.90%,72.75% (5YGR),40.59%,51.59% (5YGR),1380.0,56.73% (5YGR),36.37%,57.30% (5YGR),26.25%,63.99% (5YGR),35.81%,59.69% (5YGR),35.66%,97.81% (5YGR),4.57,51.83% (4GR),2.69,108.70% (5YGR),2.65,84.70% (5YGR),10.5/9.0,0
KGC,Kinross Gold Corporation,Basic Materials,Gold,NYSE,27.50%,145.40% (5YGR),20.55%,36.80% (5YGR),3497.0,0.30% (5YGR),14.63%,32.62% (5YGR),8.39%,36.95% (5YGR),9.40%,440.71% (5YGR),11.43%,20.36% (5YGR),1.4,80.81% (4GR),0.57,340.95% (5YGR),0.57,41.76% (5YGR),8.0/9.0,2
BTG,B2Gold Corp,Basic Materials,Gold,NYSE MKT,32.20%,67.07% (5YGR),25.39%,26.90% (5YGR),1156.0,19.88% (5YGR),16.29%,37.92% (5YGR),11.22%,40.20% (5YGR),10.13%,34.65% (5YGR),14.29%,41.26% (5YGR),0.74,138.12% (4GR),0.23,65.58% (5YGR),0.29,40.34% (5YGR),9.5/9.0,1
AGI,Alamos Gold Inc,Basic Materials,Gold,NYSE,18.40%,40.43% (5YGR),14.07%,127.41% (5YGR),683.0,30.49% (5YGR),3.63%,137.69% (5YGR),2.89%,141.88% (5YGR),3.13%,61.86% (5YGR),3.70%,121.29% (5YGR),0.75,15.96% (4GR),0.24,56.67% (5YGR),0.24,91.75% (5YGR),9.0/9.0,2
GORO,Gold Resource Corporation,Basic Materials,Gold,NYSE MKT,10.80%,-13.01% (5YGR),4.31%,-15.40% (5YGR),135.0,4.15% (5YGR),4.09%,-20.81% (5YGR),3.40%,-20.39% (5YGR),4.17%,-1.11% (5YGR),3.91%,-21.00% (5YGR),0.59,11.14% (4GR),0.09,-15.06% (5YGR),0.09,-14.08% (5YGR),5.5/9.0,6
GFI,Gold Fields Limited,Basic Materials,Gold,NYSE,25.20%,31.56% (5YGR),5.45%,21.31% (5YGR),2967.0,0.64% (5YGR),6.03%,31.90% (5YGR),2.55%,23.14% (5YGR),6.33%,13.78% (5YGR),4.75%,61.57% (5YGR),1.26,61.54% (4GR),0.44,54.83% (5YGR),0.19,132.55% (5YGR),9.0/9.0,1
NEE,"NextEra Energy, Inc",Utilities,Utilities-Regulated Electric,NYSE,26.30%,0.18% (5YGR),19.63%,10.56% (5YGR),19204.0,1.99% (5YGR),10.59%,-0.60% (5YGR),3.40%,3.49% (5YGR),3.89%,2.09% (5YGR),7.54%,4.60% (5YGR),5.44,5.57% (4GR),2.3,6.02% (5YGR),1.94,10.61% (5YGR),6.5/9.0,3
FSM,Fortuna Silver Mines Inc,Basic Materials,Silver,NYSE,20.30%,2.99% (5YGR),9.25%,2.77% (5YGR),257.0,9.76% (5YGR),3.84%,-8.01% (5YGR),2.76%,-9.58% (5YGR),3.99%,-11.83% (5YGR),3.10%,-12.10% (5YGR),0.55,28.75% (4GR),0.17,7.10% (5YGR),0.14,5.66% (5YGR),7.0/9.0,3
PAAS,Pan American Silver Corp,Basic Materials,Silver,NASDAQ,10.90%,7.37% (5YGR),8.20%,-7.70% (5YGR),1351.0,11.37% (5YGR),5.58%,-5.78% (5YGR),4.10%,-5.92% (5YGR),3.84%,-19.94% (5YGR),5.64%,-5.50% (5YGR),2.24,30.44% (4GR),0.44,7.05% (5YGR),0.55,-4.56% (5YGR),7.5/9.0,3
AG,First Majestic Silver Corp,Basic Materials,Silver,NYSE,6.20%,96.52% (5YGR),-10.97%,8.65% (5YGR),369.0,6.16% (5YGR),-6.44%,7.39% (5YGR),-4.14%,7.75% (5YGR),2.80%,80.60% (5YGR),-4.57%,8.42% (5YGR),0.2,-9.49% (4GR),0.11,72.73% (5YGR),-0.2,10.07% (5YGR),7.5/9.0,4
WPM,Wheaton Precious Metals Corp,Basic Materials,Gold,NYSE,33.80%,-4.73% (5YGR),10.00%,-17.14% (5YGR),861.0,6.62% (5YGR),1.64%,-19.33% (5YGR),1.35%,-18.03% (5YGR),4.63%,-4.30% (5YGR),1.87%,-12.75% (5YGR),0.85,66.04% (4GR),0.65,-2.80% (5YGR),0.19,-16.27% (5YGR),7.5/9.0,2
SSRM,SSR Mining Inc,Basic Materials,Gold,NASDAQ,20.20%,23.96% (5YGR),9.44%,-5.50% (5YGR),607.0,13.27% (5YGR),5.44%,-7.83% (5YGR),3.50%,-6.83% (5YGR),7.61%,-20.42% (5YGR),4.84%,-5.76% (5YGR),1.79,33.80% (4GR),0.64,20.70% (5YGR),0.47,-4.87% (5YGR),7.5/9.0,3
GPL,Great Panther Mining Limited,Basic Materials,Other Industrial Metals & Mining,NYSE MKT,-19.60%,6.71% (5YGR),-45.82%,4.48% (5YGR),199.0,28.80% (5YGR),-105.13%,-29.54% (5YGR),-47.47%,-6.91% (5YGR),-26.17%,-68.23% (5YGR),-59.30%,-9.47% (5YGR),-0.18,-62.29% (4GR),-0.14,-7.53% (5YGR),-0.33,-15.59% (5YGR),2.5/9.0,11
SVM,Silvercorp Metals Inc,Basic Materials,Silver,NYSE MKT,30.30%,10.26% (5YGR),21.58%,22.89% (5YGR),159.0,5.93% (5YGR),9.57%,20.87% (5YGR),6.77%,22.70% (5YGR),10.99%,-13.66% (5YGR),8.57%,20.71% (5YGR),0.44,21.21% (4GR),0.23,12.77% (5YGR),0.2,27.65% (5YGR),9.5/9.0,1
HMLP,0,Energy,Oil & Gas Midstream,NYSE,55.20%,17.07% (7YGR),26.74%,-9.23% (7YGR),145.0,50.46% (7YGR),7.61%,14.04% (7YGR),3.82%,2.24% (7YGR),6.94%,3.97% (7YGR),6.11%,32.43% (7YGR),3.21,10.37% (4GR),2.13,44.35% (7YGR),1.12,27.82% (7YGR),8.5/9.0,1
HESM,Hess Midstream LP,Energy,Oil & Gas Midstream,NYSE,44.40%,20.64% (7YGR),7.86%,-4.08% (7YGR),848.0,24.96% (7YGR),20.59%,8.85% (7YGR),2.19%,-2.46% (7YGR),12.52%,14.45% (7YGR),5.40%,9.56% (7YGR),9.67,18.37% (4GR),6.98,41.81% (7YGR),1.22,6.62% (7YGR),8.5/9.0,1
TGP,Teekay LNG Partners L.P,Energy,Oil & Gas Midstream,NYSE,48.10%,0.00% (5YGR),20.71%,-27.84% (5YGR),601.0,8.38% (5YGR),6.82%,-25.39% (5YGR),2.31%,-26.29% (5YGR),5.12%,3.33% (5YGR),5.45%,-7.35% (5YGR),6.06,6.38% (4GR),3.54,7.15% (5YGR),1.59,-22.49% (5YGR),7.0/9.0,2
SPH,"Suburban Propane Partners, L.P",Utilities,Utilities-Regulated Gas,NYSE,12.70%,2.47% (5YGR),5.48%,5.66% (5YGR),1108.0,-3.15% (5YGR),15.46%,22.63% (5YGR),3.00%,7.39% (5YGR),6.76%,7.07% (5YGR),6.85%,2.22% (5YGR),4.0,2.86% (4GR),2.22,-1.25% (5YGR),0.97,1.85% (5YGR),5.5/9.0,6
GMLP,Golar LNG Partners LP,Energy,Oil & Gas Midstream,NASDAQ,44.90%,-6.51% (5YGR),1.88%,-41.93% (5YGR),300.0,-5.59% (5YGR),0.90%,-47.85% (5YGR),0.26%,-46.99% (5YGR),2.90%,-35.17% (5YGR),2.79%,-24.30% (5YGR),2.87,-22.14% (4GR),0.93,-29.54% (5YGR),0.26,-35.19% (5YGR),3.5/9.0,7
DKL,"Delek Logistics Partners, LP",Energy,Oil & Gas Midstream,NYSE,21.50%,16.87% (5YGR),10.90%,4.29% (5YGR),584.0,-5.36% (5YGR),0.00%,-20.00% (5YGR),9.30%,-16.36% (5YGR),19.12%,-1.83% (5YGR),0.00%,-24.59% (5YGR),7.46,18.12% (4GR),5.2,10.46% (5YGR),2.61,-1.27% (5YGR),7.5/9.0,2
SGU,"Star Group, L.P",Energy,Oil & Gas Midstream,NYSE,6.30%,-0.58% (5YGR),3.32%,3.95% (5YGR),1467.0,-0.13% (5YGR),18.86%,5.34% (5YGR),6.12%,1.00% (5YGR),8.98%,19.60% (5YGR),12.43%,0.92% (5YGR),2.65,6.15% (4GR),1.46,10.83% (5YGR),1.07,8.60% (5YGR),8.5/9.0,1
WES,"Western Midstream Partners, LP",Energy,Oil & Gas Midstream,NYSE,36.50%,3.86% (5YGR),24.12%,11.22% (5YGR),2746.0,15.63% (5YGR),31.94%,15.85% (5YGR),6.14%,13.29% (5YGR),8.50%,-1.82% (5YGR),11.00%,7.72% (5YGR),3.83,17.22% (4GR),2.37,7.36% (5YGR),1.59,15.25% (5YGR),8.0/9.0,1
TCP,"TC PipeLines, LP",Energy,Oil & Gas Midstream,NYSE,54.60%,2.61% (5YGR),66.25%,6.60% (5YGR),403.0,5.52% (5YGR),42.82%,37.34% (5YGR),9.28%,16.90% (5YGR),7.78%,7.04% (5YGR),12.36%,26.82% (5YGR),6.52,-12.61% (4GR),3.1,5.46% (5YGR),3.74,8.72% (5YGR),7.5/9.0,2
GLP,Global Partners LP,Energy,Oil & Gas Midstream,NYSE,1.10%,3.42% (5YGR),0.21%,-16.32% (5YGR),13082.0,-3.68% (5YGR),5.81%,-17.59% (5YGR),1.06%,-22.35% (5YGR),6.16%,12.76% (5YGR),6.37%,-8.80% (5YGR),6.88,0.20% (4GR),3.94,-4.65% (5YGR),0.81,-23.42% (5YGR),4.5/9.0,6
HEP,"Holly Energy Partners, L.P",Energy,Oil & Gas Midstream,NYSE,49.50%,1.03% (5YGR),42.21%,14.39% (5YGR),533.0,10.20% (5YGR),55.63%,20.89% (5YGR),10.46%,14.90% (5YGR),12.51%,5.07% (5YGR),15.71%,11.26% (5YGR),3.88,-3.27% (4GR),2.51,-1.78% (5YGR),2.13,11.10% (5YGR),7.0/9.0,2
HLX,"Helix Energy Solutions Group, Inc",Energy,Oil & Gas Equipment & Services,NYSE,9.00%,-26.96% (5YGR),7.62%,-19.94% (5YGR),752.0,-5.92% (5YGR),3.45%,-27.72% (5YGR),2.32%,-25.40% (5YGR),2.79%,43.06% (5YGR),2.96%,-25.80% (5YGR),1.26,31.36% (4GR),0.4,-39.34% (5YGR),0.38,-32.63% (5YGR),6.0/9.0,5
CINR,Ciner Resources LP,Basic Materials,Chemicals,NYSE,20.50%,-1.80% (5YGR),9.30%,-0.38% (5YGR),522.0,2.07% (5YGR),29.76%,-0.16% (5YGR),10.46%,0.81% (5YGR),26.49%,1.36% (5YGR),18.96%,2.34% (5YGR),7.11,2.44% (4GR),5.63,1.42% (5YGR),2.46,1.52% (5YGR),4.5/9.0,5
BKEP,"Blueknight Energy Partners, L.P",Energy,Oil & Gas Midstream,NASDAQ,9.80%,-13.91% (5YGR),-1.90%,-33.19% (5YGR),371.0,16.24% (5YGR),0.00%,-20.00% (5YGR),-2.25%,-50.20% (5YGR),12.44%,11.49% (5YGR),0.00%,-37.43% (5YGR),1.44,-10.73% (4GR),0.88,-8.10% (5YGR),-0.17,-37.00% (5YGR),7.5/9.0,3
NS,NuStar Energy L.P,Energy,Oil & Gas Midstream,NYSE,26.10%,15.26% (5YGR),-16.56%,-51.73% (5YGR),1498.0,-11.77% (5YGR),-9.58%,-38.59% (5YGR),-3.96%,-40.47% (5YGR),6.03%,-3.78% (5YGR),-4.24%,-39.03% (5YGR),6.22,-5.42% (4GR),3.54,-4.63% (5YGR),-2.3,-39.13% (5YGR),2.5/9.0,9
AMKR,"Amkor Technology, Inc",Technology,Semiconductors,NASDAQ,5.70%,-3.58% (5YGR),2.98%,-3.30% (5YGR),4053.0,6.47% (5YGR),6.37%,-8.99% (5YGR),2.63%,-2.30% (5YGR),5.65%,-11.51% (5YGR),5.08%,-5.44% (5YGR),3.15,3.00% (4GR),0.74,3.69% (5YGR),0.5,2.85% (5YGR),5.0/9.0,7
INTC,Intel Corporation,Technology,Semiconductors,NASDAQ,30.70%,4.13% (5YGR),26.84%,8.03% (5YGR),77867.0,7.09% (5YGR),26.36%,8.87% (5YGR),14.43%,7.09% (5YGR),17.67%,22.59% (5YGR),18.93%,7.35% (5YGR),8.97,18.97% (4GR),4.7,17.03% (5YGR),4.94,19.12% (5YGR),9.0/9.0,1
SIMO,Silicon Motion Technology Corporation,Technology,Semiconductors,NASDAQ,14.90%,-5.68% (5YGR),14.08%,-1.52% (5YGR),457.0,9.87% (5YGR),12.05%,-4.85% (5YGR),9.40%,-6.36% (5YGR),19.63%,-25.48% (5YGR),10.86%,-6.11% (5YGR),2.43,-1.67% (4GR),1.74,7.15% (5YGR),1.84,7.34% (5YGR),5.5/9.0,4
DAC,Danaos Corporation,Industrials,Marine Shipping,NYSE,45.00%,-1.63% (5YGR),29.35%,65.94% (5YGR),447.0,-4.56% (5YGR),16.69%,50.52% (5YGR),4.89%,72.52% (5YGR),7.46%,18.20% (5YGR),7.50%,23.48% (5YGR),18.75,-23.04% (4GR),12.56,-17.76% (5YGR),8.09,24.28% (5YGR),4.0/9.0,6
GLNG,Golar LNG Limited,Energy,Oil & Gas Midstream,NASDAQ,28.70%,24.11% (5YGR),-47.23%,-3.49% (5YGR),449.0,37.39% (5YGR),-13.07%,-103.89% (5YGR),-4.49%,-49.08% (5YGR),2.43%,37.00% (5YGR),-3.48%,-282.61% (5YGR),1.4,112.56% (4GR),1.28,33.27% (5YGR),-2.09,-56.00% (5YGR),7.0/9.0,5
TGH,Textainer Group Holdings Limited,Industrials,Rental & Leasing Services,NYSE,27.20%,-10.84% (5YGR),8.27%,-28.15% (5YGR),686.0,4.56% (5YGR),4.60%,-25.33% (5YGR),1.14%,-27.18% (5YGR),3.73%,6.71% (5YGR),4.18%,-4.47% (5YGR),8.32,7.11% (4GR),3.17,-7.30% (5YGR),0.99,-24.49% (5YGR),3.0/9.0,8
SB,"Safe Bulkers, Inc",Industrials,Marine Shipping,NYSE,22.40%,8.93% (5YGR),2.20%,-13.95% (5YGR),198.0,6.76% (5YGR),0.93%,4.52% (5YGR),0.40%,-4.75% (5YGR),4.27%,61.78% (5YGR),2.01%,35.69% (5YGR),0.91,88.47% (4GR),0.43,11.30% (5YGR),0.04,-13.07% (5YGR),6.0/9.0,6
LPG,Dorian LPG Ltd,Energy,Oil & Gas Midstream,NYSE,48.30%,6.05% (6YGR),33.54%,39.11% (6YGR),333.0,39.94% (6YGR),11.84%,146.32% (6YGR),6.78%,120.83% (6YGR),10.02%,195.59% (6YGR),8.28%,46.43% (6YGR),3.93,1.90% (4GR),2.98,60.57% (6YGR),2.07,172.77% (6YGR),8.5/9.0,1
GASS,StealthGas Inc,Industrials,Marine Shipping,NASDAQ,16.10%,-4.96% (5YGR),1.44%,-46.44% (5YGR),144.0,2.26% (5YGR),0.37%,-45.83% (5YGR),0.21%,-46.54% (5YGR),2.41%,21.78% (5YGR),1.72%,-2.72% (5YGR),1.55,6.68% (4GR),0.57,-3.09% (5YGR),0.05,-45.74% (5YGR),5.5/9.0,6
KNOP,KNOT Offshore Partners LP,Industrials,Marine Shipping,NYSE,45.20%,4.09% (8YGR),17.98%,11.95% (8YGR),283.0,26.66% (8YGR),7.04%,8.41% (8YGR),2.84%,15.10% (8YGR),6.95%,3.72% (8YGR),5.57%,15.74% (8YGR),6.03,9.73% (4GR),3.88,21.24% (8YGR),1.8,32.42% (8YGR),9.0/9.0,1
FRO,Frontline Ltd,Energy,Oil & Gas Midstream,NYSE,24.50%,4.42% (5YGR),14.62%,-7.00% (5YGR),957.0,11.65% (5YGR),10.47%,-5.88% (5YGR),4.13%,-5.10% (5YGR),6.76%,-6.39% (5YGR),7.08%,0.57% (5YGR),1.31,-20.06% (4GR),1.3,7.85% (5YGR),0.78,-12.33% (5YGR),7.5/9.0,3
EURN,Euronav NV,Energy,Oil & Gas Midstream,NYSE,19.40%,97.58% (5YGR),12.04%,-15.15% (5YGR),932.0,10.27% (5YGR),4.91%,-17.22% (5YGR),2.71%,-15.69% (5YGR),4.69%,-18.54% (5YGR),4.81%,15.45% (5YGR),2.42,-12.08% (4GR),0.83,95.69% (5YGR),0.52,-16.49% (5YGR),6.5/9.0,4
STNG,Scorpio Tankers Inc,Energy,Oil & Gas Midstream,NYSE,18.50%,0.41% (5YGR),-6.88%,30.24% (5YGR),704.0,11.91% (5YGR),-2.54%,145.41% (5YGR),-0.97%,82.86% (5YGR),2.65%,4.97% (5YGR),2.46%,-11.27% (5YGR),6.72,-25.14% (4GR),2.6,-8.09% (5YGR),-0.97,136.77% (5YGR),4.0/9.0,7
TNK,Teekay Tankers Ltd,Energy,Oil & Gas Midstream,NYSE,13.70%,-14.85% (5YGR),4.38%,-38.18% (5YGR),944.0,29.58% (5YGR),4.27%,-31.58% (5YGR),1.88%,-26.14% (5YGR),4.24%,-10.36% (5YGR),4.14%,-20.07% (5YGR),7.38,-18.97% (4GR),2.55,-17.94% (5YGR),1.23,-33.82% (5YGR),4.5/9.0,6
TNP,Tsakos Energy Navigation Limited,Energy,Oil & Gas Midstream,NYSE,19.00%,-2.46% (5YGR),-4.69%,-5.08% (5YGR),597.0,2.73% (5YGR),-1.93%,-12.97% (5YGR),-0.88%,-11.41% (5YGR),3.72%,3.61% (5YGR),0.63%,-27.23% (5YGR),11.78,-10.58% (4GR),6.28,-1.94% (5YGR),-1.6,-9.40% (5YGR),5.0/9.0,6
TRTN,Triton International Limited,Industrials,Rental & Leasing Services,NYSE,46.80%,0.88% (5YGR),23.69%,4.62% (5YGR),1431.0,16.91% (5YGR),15.66%,18.08% (5YGR),3.41%,15.32% (5YGR),6.35%,15.33% (5YGR),6.84%,16.77% (5YGR),17.0,21.91% (4GR),8.29,15.20% (5YGR),4.54,24.19% (5YGR),8.5/9.0,2
NNA,Navios Maritime Acquisition Corporation,Energy,Oil & Gas Midstream,NYSE,17.80%,-14.38% (5YGR),-23.46%,-5.20% (5YGR),280.0,-1.54% (5YGR),-18.93%,-32.99% (5YGR),-4.13%,-8.51% (5YGR),3.08%,-26.10% (5YGR),1.17%,-25.03% (5YGR),6.71,-28.65% (4GR),3.57,-20.38% (5YGR),-4.75,12.22% (5YGR),1.5/9.0,10
GSL,"Global Ship Lease, Inc",Industrials,Marine Shipping,NYSE,42.70%,6.08% (5YGR),6.73%,50.14% (5YGR),261.0,11.11% (5YGR),4.86%,170.45% (5YGR),1.36%,78.80% (5YGR),8.98%,-1.39% (5YGR),7.27%,6.06% (5YGR),13.42,11.24% (4GR),9.33,7.96% (5YGR),1.48,49.05% (5YGR),7.0/9.0,3
ASC,Ardmore Shipping Corporation,Industrials,Marine Shipping,NYSE,7.10%,37.35% (8YGR),-9.94%,-0.53% (8YGR),230.0,36.89% (8YGR),-6.80%,11.92% (8YGR),-2.83%,1.40% (8YGR),2.14%,-13.54% (8YGR),-0.75%,22.14% (8YGR),1.03,-23.54% (4GR),0.48,4.48% (8YGR),-0.69,4.40% (8YGR),5.0/9.0,8
STLD,"Steel Dynamics, Inc",Basic Materials,Steel,NASDAQ,9.40%,11.64% (5YGR),6.41%,34.25% (5YGR),10465.0,5.40% (5YGR),16.75%,29.88% (5YGR),8.40%,35.93% (5YGR),13.45%,7.62% (5YGR),11.73%,26.11% (5YGR),5.99,61.14% (4GR),3.46,25.81% (5YGR),3.04,44.19% (5YGR),8.0/9.0,3
WOR,"Worthington Industries, Inc",Industrials,Metal Fabrication,NYSE,3.80%,-6.47% (5YGR),2.58%,0.94% (5YGR),3059.0,-0.24% (5YGR),9.54%,-0.53% (5YGR),3.25%,-2.12% (5YGR),4.55%,-24.02% (5YGR),6.53%,-1.63% (5YGR),4.2,-4.87% (4GR),1.57,-2.69% (5YGR),1.41,4.72% (5YGR),2.0/9.0,11
TX,Ternium S.A,Basic Materials,Steel,NYSE,8.50%,-2.48% (5YGR),5.54%,84.26% (5YGR),10193.0,4.81% (5YGR),8.68%,80.90% (5YGR),4.43%,81.50% (5YGR),5.92%,-14.77% (5YGR),6.91%,48.33% (5YGR),8.04,19.97% (4GR),3.36,37.95% (5YGR),2.9,98.12% (5YGR),7.0/9.0,4
IIIN,"Insteel Industries, Inc",Industrials,Metal Fabrication,NASDAQ,5.20%,-14.50% (5YGR),4.02%,-10.38% (5YGR),473.0,1.52% (5YGR),7.44%,-14.13% (5YGR),6.03%,-12.60% (5YGR),8.50%,-17.91% (5YGR),7.26%,-14.70% (5YGR),2.05,-15.12% (4GR),0.99,-9.97% (5YGR),0.98,-9.50% (5YGR),2.5/9.0,9
CMC,Commercial Metals Company,Basic Materials,Steel,NYSE,8.00%,8.97% (5YGR),5.10%,21.24% (5YGR),5476.0,-0.50% (5YGR),15.91%,14.38% (5YGR),7.13%,18.13% (5YGR),11.35%,38.09% (5YGR),11.16%,12.31% (5YGR),4.98,23.80% (4GR),2.75,9.88% (5YGR),2.32,32.75% (5YGR),7.0/9.0,3
NRG,"NRG Energy, Inc",Utilities,Utilities-Independent Power Producers,NYSE,13.30%,9.64% (5YGR),45.19%,503.75% (5YGR),9821.0,-9.80% (5YGR),0.00%,-20.00% (5YGR),38.33%,717.16% (5YGR),13.57%,70.07% (5YGR),70.78%,194.67% (5YGR),6.3,60.72% (4GR),4.97,3.86% (5YGR),16.81,445.42% (5YGR),5.5/9.0,6
VST,Vistra Corp,Utilities,Utilities-Independent Power Producers,NYSE,16.90%,28.06% (5YGR),7.86%,-41.24% (5YGR),11809.0,15.06% (5YGR),11.73%,20.00% (5YGR),3.53%,-38.80% (5YGR),5.98%,123.37% (5YGR),7.01%,126.11% (5YGR),7.31,37.26% (4GR),3.04,41.67% (5YGR),1.86,16.30% (5YGR),7.0/9.0,3
SPKE,"Spark Energy, Inc",Utilities,Utilities-Regulated Electric,NASDAQ,2.90%,-11.61% (7YGR),0.04%,-54.62% (7YGR),814.0,15.02% (7YGR),0.74%,-44.21% (7YGR),0.08%,-57.78% (7YGR),4.93%,-56.67% (7YGR),3.36%,-27.37% (7YGR),4.73,-14.79% (4GR),1.06,-19.24% (7YGR),0.02,-55.95% (7YGR),2.0/9.0,10
ARTNA,Artesian Resources Corporation,Utilities,Utilities-Regulated Water,NASDAQ,30.00%,-0.99% (5YGR),17.85%,6.34% (5YGR),84.0,2.90% (5YGR),9.52%,4.15% (5YGR),2.74%,3.28% (5YGR),3.38%,-3.58% (5YGR),6.70%,3.29% (5YGR),4.22,1.73% (4GR),2.06,7.01% (5YGR),1.6,8.17% (5YGR),6.0/9.0,4
PICO,"PICO Holdings, Inc",Utilities,Utilities-Regulated Water,NASDAQ,40.30%,21.50% (5YGR),40.28%,1112.56% (5YGR),29.0,-44.66% (5YGR),6.50%,1872.09% (5YGR),6.38%,3152.09% (5YGR),7.27%,200.19% (5YGR),6.49%,1870.55% (5YGR),0.6,28.87% (4GR),0.6,57.50% (5YGR),0.57,1383.79% (5YGR),7.5/9.0,3
NWPX,Northwest Pipe Company,Industrials,Metal Fabrication,NASDAQ,10.30%,89.16% (5YGR),9.99%,9.11% (5YGR),279.0,-7.60% (5YGR),11.96%,26.59% (5YGR),9.60%,25.58% (5YGR),10.06%,47.55% (5YGR),12.05%,30.58% (5YGR),4.6,58.83% (4GR),2.48,32.04% (5YGR),2.85,32.48% (5YGR),6.0/9.0,5
RADA,RADA Electronic Industries Ltd,Industrials,Aerospace & Defense,NASDAQ,-4.70%,-52.04% (5YGR),-4.58%,-69.76% (5YGR),44.0,16.84% (5YGR),-4.85%,-54.23% (5YGR),-3.43%,-64.50% (5YGR),-6.56%,18.95% (5YGR),-4.65%,-63.05% (5YGR),-0.03,-27.39% (4GR),-0.05,-47.77% (5YGR),-0.05,-47.50% (5YGR),4.0/9.0,9
PFE,Pfizer Inc,Healthcare,Drug Manufacturers-General,NYSE,26.90%,0.07% (5YGR),31.44%,13.16% (5YGR),51750.0,1.13% (5YGR),25.72%,17.44% (5YGR),9.96%,15.36% (5YGR),8.49%,3.50% (5YGR),15.93%,14.18% (5YGR),4.45,16.00% (4GR),2.26,8.56% (5YGR),2.87,17.22% (5YGR),7.0/9.0,3
CVS,CVS Health Corporation,Healthcare,Healthcare Plans,NYSE,4.70%,-5.76% (5YGR),2.58%,-4.76% (5YGR),256776.0,12.25% (5YGR),10.87%,-1.15% (5YGR),3.17%,-12.53% (5YGR),4.67%,-21.67% (5YGR),6.24%,-14.57% (5YGR),12.57,1.82% (4GR),6.77,10.35% (5YGR),5.08,6.87% (5YGR),2.5/9.0,10
GME,GameStop Corp,Consumer Cyclical,Specialty Retail,NYSE,-0.20%,-16.57% (5YGR),-7.28%,-53.06% (5YGR),6466.0,-6.43% (5YGR),-48.35%,-63.10% (5YGR),-13.72%,-52.21% (5YGR),-0.76%,-14.63% (5YGR),-22.80%,-45.92% (5YGR),-3.32,-24.10% (4GR),-0.16,-14.56% (5YGR),-5.38,-50.86% (5YGR),0.5/9.0,13
AMC,"AMC Entertainment Holdings, Inc",Communication Services,Entertainment,NYSE,4.30%,-9.65% (5YGR),-2.73%,-23.97% (5YGR),5471.0,16.69% (5YGR),-11.42%,-31.14% (5YGR),-1.29%,-23.12% (5YGR),2.00%,-10.72% (5YGR),1.60%,-15.10% (5YGR),5.95,5.22% (4GR),2.27,12.70% (5YGR),-1.44,-38.19% (5YGR),3.5/9.0,8
ORCL,Oracle Corporation,Technology,Software-Infrastructure,NYSE,36.40%,-0.42% (5YGR),25.94%,-0.72% (5YGR),39068.0,0.73% (5YGR),59.87%,21.33% (5YGR),9.04%,-2.38% (5YGR),14.89%,6.67% (5YGR),14.07%,0.89% (5YGR),5.17,9.71% (4GR),3.62,7.11% (5YGR),3.08,6.03% (5YGR),5.5/9.0,3
HCC,"Warrior Met Coal, Inc",Basic Materials,Coking Coal,NYSE,30.20%,13.67% (3YGR),23.79%,6.19% (3YGR),1268.0,31.74% (3YGR),40.82%,2.83% (3YGR),22.03%,2.75% (3YGR),30.28%,7.06% (3YGR),28.06%,0.72% (3YGR),9.69,nan% (4GR),6.17,16.81% (3YGR),5.86,13.28% (3YGR),6.5/9.0,3
GPP,Green Plains Partners LP,Energy,Oil & Gas Midstream,NASDAQ,59.80%,18.47% (6YGR),49.34%,17.77% (6YGR),82.0,43.59% (6YGR),0.00%,308.59% (6YGR),43.52%,30.90% (6YGR),31.65%,-25.89% (6YGR),0.00%,163.28% (6YGR),2.3,37.94% (4GR),2.12,61.93% (6YGR),1.76,18.49% (6YGR),9.0/9.0,1
NOA,North American Construction Group Ltd,Energy,Oil & Gas Equipment & Services,NYSE,8.20%,30.11% (5YGR),5.13%,77.62% (5YGR),719.0,9.74% (5YGR),22.36%,131.14% (5YGR),4.98%,85.36% (5YGR),8.08%,98.73% (5YGR),9.82%,48.95% (5YGR),4.94,39.03% (4GR),1.66,40.21% (5YGR),1.23,136.79% (5YGR),8.0/9.0,3
PDS,Precision Drilling Corporation,Energy,Oil & Gas Drilling,NYSE,2.90%,-33.16% (5YGR),0.43%,-45.32% (5YGR),1209.2227,-5.21% (5YGR),0.43%,-44.65% (5YGR),0.19%,-46.96% (5YGR),1.42%,562.46% (5YGR),2.84%,0.64% (5YGR),22.97,61.07% (4GR),2.3,-40.27% (5YGR),0.31,-53.97% (5YGR),6.5/9.0,5
BNTX,BioNTech SE,Healthcare,Biotechnology,NASDAQ,-167.20%,-43.47% (2YGR),-164.89%,-9.77% (2YGR),85.53229999999998,37.26% (2YGR),-47.14%,-50.00% (2YGR),-24.69%,-5.25% (2YGR),-57.02%,-87.20% (2YGR),-40.58%,-50.00% (2YGR),-0.54,nan% (4GR),-0.68,-121.24% (2YGR),-0.67,-69.86% (2YGR),4.5/9.0,6
PACB,"Pacific Biosciences of California, Inc",Healthcare,Diagnostics & Research,NASDAQ,-110.60%,-1.37% (5YGR),-92.57%,2.87% (5YGR),91.0,6.40% (5YGR),-99.58%,1.28% (5YGR),-52.87%,-0.85% (5YGR),-139.31%,7.28% (5YGR),-61.52%,4.60% (5YGR),-0.47,-13.13% (4GR),-0.66,4.84% (5YGR),-0.55,7.19% (5YGR),2.0/9.0,11
NVS,Novartis AG,Healthcare,Drug Manufacturers-General,NYSE,20.30%,2.61% (5YGR),16.18%,-9.65% (5YGR),49898.0,-0.15% (5YGR),14.41%,-4.94% (5YGR),6.45%,-9.49% (5YGR),7.32%,4.59% (5YGR),9.77%,-8.31% (5YGR),7.52,5.42% (4GR),3.61,2.49% (5YGR),3.52,-8.68% (5YGR),6.0/9.0,3
BMY,Bristol-Myers Squibb Company,Healthcare,Drug Manufacturers-General,NYSE,22.60%,16.78% (5YGR),13.15%,2.10% (5YGR),26145.0,10.48% (5YGR),10.48%,-0.65% (5YGR),4.17%,-2.24% (5YGR),5.87%,-17.25% (5YGR),6.46%,-3.39% (5YGR),4.31,25.99% (4GR),2.4,22.09% (5YGR),2.01,12.51% (5YGR),7.0/9.0,4
ONVO,"Organovo Holdings, Inc",Healthcare,Diagnostics & Research,NASDAQ,-977.90%,-12.50% (8YGR),-852.00%,-12.50% (8YGR),2.0,17.95% (8YGR),-59.46%,-12.50% (8YGR),-54.18%,-12.50% (8YGR),-700.00%,-13.21% (8YGR),-61.35%,-12.50% (8YGR),-3.33,11.78% (4GR),-3.5,-12.50% (8YGR),-2.8,-862.50% (8YGR),3.5/9.0,9
INCY,Incyte Corporation,Healthcare,Biotechnology,NASDAQ,19.50%,59.21% (5YGR),20.70%,89.87% (5YGR),2159.0,33.77% (5YGR),19.76%,5.99% (5YGR),14.72%,83.88% (5YGR),34.84%,1.35% (5YGR),19.42%,24.92% (5YGR),2.49,51.41% (4GR),1.78,104.12% (5YGR),2.05,154.26% (5YGR),7.5/9.0,3
IONS,"Ionis Pharmaceuticals, Inc",Healthcare,Biotechnology,NASDAQ,32.60%,303.68% (5YGR),26.42%,150.51% (5YGR),1123.0,37.95% (5YGR),23.54%,80.19% (5YGR),10.05%,137.94% (5YGR),48.09%,198.22% (5YGR),17.16%,63.87% (5YGR),2.88,494.06% (4GR),2.24,538.85% (5YGR),2.08,162.54% (5YGR),9.0/9.0,1
BEAM,Beam Therapeutics Inc,Healthcare,Biotechnology,NASDAQ,0.00%,0.00% (1YGR),0.00%,0.00% (1YGR),0.0,0.00% (1YGR),0.00%,0.00% (1YGR),-56.35%,58.59% (1YGR),-130.43%,39.04% (1YGR),0.00%,0.00% (1YGR),-1.67,nan% (4GR),-1.67,-26.81% (1YGR),-2.01,39.82% (1YGR),2.5/9.0,9
